clDice,dice,iou,mae,mse,ods,ois,psnr
1.0,0.64102,0.47192,0.04322,0.017920000000000002,0.82408,0.82546,17.48236
