clDice,dice,iou,mae,mse,ods,ois,psnr
1.0,0.7749400000000001,0.63402,0.018279999999999998,0.01174,0.8141999999999999,0.8035399999999999,19.3001
