clDice,dice,iou,mae,mse,ods,ois,psnr
1.0,0.22786,0.1286,0.0955,0.05664,0.27318,0.27380000000000004,12.48522
